"","x"
"1","      Carbon tax doesn t help    It just nationalizes fossil fuel   hydrocarbons    Y   "
"2","   The official said the decision removes two batteries that were guarding oil facilities in Saudi Arabia but leaves two "
"3","   The official said the decision removes two batteries that were guarding oil facilities in Saudi Arabia but leaves two "
"4","US withdrawing its patriots anti  missile air defense system from Saudi Arabia   Now Saudis will come to the table   "
"5","   BREAKING  Pompeo annouces patriot battery withdrawal from Saudi Arabia  says  The withdrawal of the air defences from Saud "
"6","   BREAKING  Pompeo annouces patriot battery withdrawal from Saudi Arabia  says  The withdrawal of the air defences from Saud "
"7","   BREAKING  Pompeo annouces patriot battery withdrawal from Saudi Arabia  says  The withdrawal of the air defences from Saud "
"8","   Once i asked please bring me tea and then i got nothing except to wait  until i get home made chai  Air Arabia is too exp "
"9","   BREAKING  Pompeo annouces patriot battery withdrawal from Saudi Arabia  says  The withdrawal of the air defences from Saud "
"10","BREAKING  Pompeo annouces patriot battery withdrawal from Saudi Arabia  says  The withdrawal of the air defences fr   "
"11","Once i asked please bring me tea and then i got nothing except to wait  until i get home made chai  Air Arabia is t   "
"12","  If you vote Biden   Supported  Saudi Arabia s genocidal war in Yemen    Left Libya in rui "
"13","Reminds me of our Umrah trip  The airline was Air Arabia and they charged for water even   "
"14","   WSJ US withdraws Patriot air defense missile systems from Saudi Arabia The U S  withdraws Patriot air defense missiles fr "
"15","   WSJ US withdraws Patriot air defense missile systems from Saudi Arabia The U S  withdraws Patriot air defense missiles fr "
"16","   Flight Attendant   UAE  avgeek    "
"17","   Flight Attendant   UAE  avgeek    "
"18","Flight Attendant   UAE  avgeek    "
"19","   WSJ US withdraws Patriot air defense missile systems from Saudi Arabia The U S  withdraws Patriot air defense missiles fr "
"20","Oh ya the patriot missile system sucks  Drone swarms like Iran did on Saudi Arabia  If we can get some drones to sh   "
"21","   Another child was killed by  Saudi arabia air strikes in Serwah Mareb region   Yemen  YemenCantWait  "
"22","    Trump reportedly set to pull air defence Patriot missiles and US troops out of  SaudiArabia   Withdrawal or blackmail  "
"23","US to remove Patriots  other military assets from Saudi Arabia   WSJ  four batteries of Patriot surface to air miss   "
"24","                And you think it   "
"25","   The official said the decision removes two batteries that were guarding oil facilities in Saudi Arabia but leaves two "
"26","About to go live on Press TV in Tehran reacting to the United States pulling our military equipment from Saudi Arab   "
"27","  Good Job   however if only Air India  amp  IX operated for repatriation it will take 6 8 months to send 20000   "
"28","ON AIR  SAM ARTHUR   Adding value to lives daily  Talk to us on 0208 90 2121 HELLO  CO UK   "
"29","  Good Job   however if only Air India  amp  IX operated for repatriation it will take 6 8 months to send 20000   "
"30","   Indian National evacuees stranded in Saudi Arabia  Kuwait  UAE  Bahrain  amp  Malaysia will be housed in the quarantine facilities mai "
"31"," A320 Type Rated Captains   UAE  avgeek    "
"32","   Air Arabia  a Sharjah based low cost airline  opens regular passenger flight bookings on its online reservation portal with "
"33","   The official said the decision removes two batteries that were guarding oil facilities in Saudi Arabia but leaves two "
"34","   JARED KUSHNER AKA  Kid Corona  Damien s Omen  Wax Boy  Bonesaw Buddy  666 Suck Up   Vanilla Isis  Aide de Kampf  The Fresh Prin "
"35","   WSJ US withdraws Patriot air defense missile systems from Saudi Arabia The U S  withdraws Patriot air defense missiles fr "
"36","    Drag them on the Picadilly Line from Arsenal to Heathrow Terminals 2  amp  3 so we ship by air to Saudi Arabia     "
"37","   The official said the decision removes two batteries that were guarding oil facilities in Saudi Arabia but leaves two "
"38","Air India s repatriation flight to Kerala  from Riyad in Saudi Arabia arrived at Karippur airport "
"39"," VandeBharatMission   Flight from Saudi Arabia set to land in Kozhikode with 152 passengers   "
"40","Amid tensions between  SaudiArabia  amp  Trump admin  over oil production   Washington removes 2 Patriot batteries that   "
"41","US to remove Patriots  other military assets from Saudi Arabia  WSJ  four batteries of Patriot surface to air missi   "
"42"," the decision removes two batteries that were guarding oil facilities in Saudi Arabia but leaves two Patriot batter   "
"43","    Trump reportedly set to pull air defence Patriot missiles and US troops out of  SaudiArabia   Withdrawal or blackmail  "
"44","  Thanks Air Arabia"
"45","  Thanks Air Arabia"
"46","  T he decision removes two batteries that were guarding oil facilities in Saudi Arabia but leaves two Patriot batt   "
"47","   Saudi authorities said that all foreign residents can register online in an initiative aimed at facilitating air travel for f "
"48","   Watch  Air India plane in Riyadh  It will take of with first batch of stranded Indians from Saudi Arabia to India   COVID  "
"49","  hello  I am in Saudi Arabia and I have air conditioning units from trane but lost the user manual and I need   "
"50","US to remove Patriots  other military assets from Saudi Arabia    batteries of Patriot   "
"51","        Aap Air Arabia say ticket book krain  In ke service First June say start hay "
"52","  I love you Air Arabia  All my flight is with you        Waiting to flight again soon"
"53","   In today s Gulf Times  Airlines Shrink in order to Survive       BA to make 12 000 employees redundant  Virgin Atlantic 3 000 "
"54","   The official said the decision removes two batteries that were guarding oil facilities in Saudi Arabia but leaves two "
"55"," The official said the decision removes two batteries that were guarding oil facilities in  SaudiArabia but leaves   "
"56","  Was this report in the NYT incorrect then    The official said the decision removes two batt "
"57","    Was this report in the NYT incorrect then    The official said the decision removes tw   "
"58","    No way   Greece cannot deploy a Patriot surface to air missile system unit to Saudi Ar   "
"59"," Trump reportedly set to pull air defence Patriot missiles and US troops out of  SaudiArabia   Withdrawal or blackm   "
"60","   Watch  Air India plane in Riyadh  It will take of with first batch of stranded Indians from Saudi Arabia to India   COVID  "
"61","   U S  removing four Patriot Missiles from Gulf could free up military resources   to be sent to  Turkey and pave way for "
"62","Watch  Air India plane in Riyadh  It will take of with first batch of stranded Indians from Saudi Arabia to India    "
"63","   The official said the decision removes two batteries that were guarding oil facilities in Saudi Arabia but leaves two "
"64","   U S  removing four Patriot Missiles from Gulf could free up military resources   to be sent to  Turkey and pave way for "
"65","Pay Flights with Fawry at Air Arabia  "
"66","   In today s Gulf Times  Airlines Shrink in order to Survive       BA to make 12 000 employees redundant  Virgin Atlantic 3 000 "
"67","   WSJ US withdraws Patriot air defense missile systems from Saudi Arabia The U S  withdraws Patriot air defense missiles fr "
"68","08 May Dubai News  Fly Dubai and Air Arabia Ticket Dates  Israel  Kuwait News  Dubai Police   UAE News   "
"69","8 May Dubai News  Fly Dubai and Air Arabia Ticket Dates  Israel  Kuwait News  Dubai Police   UAE News   "
"70","08 May Dubai News  Fly Dubai and Air Arabia Ticket Dates  Israel  Kuwait News  Dubai Police   UAE News  "
"71","   WSJ US withdraws Patriot air defense missile systems from Saudi Arabia The U S  withdraws Patriot air defense missiles fr "
"72","  Evac flight to LHR on May 14  Air Arabia on May 17 going some how to Nepal  If it goes  Are trains still   "
"73","Air Arabia decides to start flight operation   ticket booking was started   breaking news   Air Arabia decides to s   "
"74","   WSJ US withdraws Patriot air defense missile systems from Saudi Arabia The U S  withdraws Patriot air defense missiles fr "
"75","   WSJ US withdraws Patriot air defense missile systems from Saudi Arabia The U S  withdraws Patriot air defense missiles fr "
"76","   The official said the decision removes two batteries that were guarding oil facilities in Saudi Arabia but leaves two "
"77","   WSJ US withdraws Patriot air defense missile systems from Saudi Arabia The U S  withdraws Patriot air defense missiles fr "
"78","   WSJ US withdraws Patriot air defense missile systems from Saudi Arabia The U S  withdraws Patriot air defense missiles fr "
"79","The two being removed from Saudi Arabia were guarding Saudi oil fields  Other Patriot missile systems remain at Pri   "
"80","   So the  bombastic potty mouth  wins again   And another point   You finally said why you don t like Trump s policy on the Midd "
"81","   The official said the decision removes two batteries that were guarding oil facilities in Saudi Arabia but leaves two "
"82","  Open eyes to Middle East   1  USA leaving Saudi Arabia  4 Patriots missles  2 air squadrons  plu "
"83","   The official said the decision removes two batteries that were guarding oil facilities in Saudi Arabia but leaves two "
"84","   WSJ US withdraws Patriot air defense missile systems from Saudi Arabia The U S  withdraws Patriot air defense missiles fr "
"85","  TAP portugal and Air Arabia somebody with 2 layovers and 40 hours of travel time"
"86","In  TheWrapUp tonight     The  UnitedStates will be removeing Patriot missiles from  SaudiArabia    WSJ  four batte   "
"87","        The Houthis aren t terrorists theyre men who are angry at w   "
"88","   The official said the decision removes two batteries that were guarding oil facilities in Saudi Arabia but leaves two "
"89","    pls school these clowns  The premise of this video is absurd  Gaza is blockaded from   "
"90","   The official said the decision removes two batteries that were guarding oil facilities in Saudi Arabia but leaves two "
"91","   The official said the decision removes two batteries that were guarding oil facilities in Saudi Arabia but leaves two "
"92","  Open eyes to Middle East   1  USA leaving Saudi Arabia  4 Patriots missles  2 air squadrons  plu "
"93","    Open eyes to Middle East   1  USA leaving Saudi Arabia  4 Patriots missles  2 air squa   "
"94","   The official said the decision removes two batteries that were guarding oil facilities in Saudi Arabia but leaves two "
"95","   The official said the decision removes two batteries that were guarding oil facilities in Saudi Arabia but leaves two "
"96","   WSJ US withdraws Patriot air defense missile systems from Saudi Arabia The U S  withdraws Patriot air defense missiles fr "
"97","   In today s Gulf Times  Airlines Shrink in order to Survive       BA to make 12 000 employees redundant  Virgin Atlantic 3 000 "
"98","    They were part of a group of Air National Guard members being deployed for the next year  T   "
"99","   The official said the decision removes two batteries that were guarding oil facilities in Saudi Arabia but leaves two "
"100","   The official said the decision removes two batteries that were guarding oil facilities in Saudi Arabia but leaves two "
"101","   The official said the decision removes two batteries that were guarding oil facilities in Saudi Arabia but leaves two "
"102","   The official said the decision removes two batteries that were guarding oil facilities in Saudi Arabia but leaves two "
"103","The official said the decision removes two batteries that were guarding oil facilities in Saudi Arabia but leaves t   "
"104","   Sad news from the airline industry   "
"105","   WSJ US withdraws Patriot air defense missile systems from Saudi Arabia The U S  withdraws Patriot air defense missiles fr "
"106","WSJ  four batteries of Patriot surface to air missiles sent to deter Iranians will be remo     "
"107","   WSJ US withdraws Patriot air defense missile systems from Saudi Arabia The U S  withdraws Patriot air defense missiles fr "
"108","WSJ US withdraws Patriot air defense missile systems from Saudi Arabia The U S  withdraws Patriot air defense missi   "
"109","   Flight Attendant   UAE  aviation    "
"110","Flight Attendant   UAE  aviation    "
"111","WSJ  four batteries of Patriot surface to air missiles sent to deter Iranians will be removed from Saudi oil facili   "
"112","WSJ  four batteries of Patriot surface to air missiles sent to deter Iranians will be remo     "
"113","US to remove it s air defence missile batteries in Saudi Arabia"
"114","   U S  removing four Patriot Missiles from Gulf could free up military resources   to be sent to  Turkey and pave way for "
"115","   U S  removing four Patriot Missiles from Gulf could free up military resources   to be sent to  Turkey and pave way for "
"116","   U S  removing four Patriot Missiles from Gulf could free up military resources   to be sent to  Turkey and pave way for "
"117","   U S  removing four Patriot Missiles from Gulf could free up military resources   to be sent to  Turkey and pave way for "
"118","US fighter jets remain at Prince Sultan Air Base Saudi Arabia   "
"119","US leaves two Patriot batteries at Prince Sultan Air Base in the Saudi Arabia   "
"120","The Wall Street Journal  citing anonymous US officials  reported on Thursday that four batteries of Patriot surface   "
"121","    more detailed  "
"122","U S  removing four Patriot Missiles from Gulf could free up military resources   to be sent to  Turkey and pave way   "
"123","   Flights from the US to Saudi Arabia are set to resume on a daily basis  after weeks of disruptions to air traffic by the "
"124","Flydubai  amp  Air Arabia Airlines starts selling tickets for regular flight       "
"125","   Flights from the US to Saudi Arabia are set to resume on a daily basis  after weeks of disruptions to air traffic by the "
"126","   We were only 650 Jews  against the rest of the Arab world  NO IDF  Israel Defense Army    No powerful Air Force  only brav "
"127","   Flights from the US to Saudi Arabia are set to resume on a daily basis  after weeks of disruptions to air traffic by the "
"128","   Flights from the US to Saudi Arabia are set to resume on a daily basis  after weeks of disruptions to air traffic by the "
"129","   JARED KUSHNER AKA  Kid Corona  Damien s Omen  Wax Boy  Bonesaw Buddy  666 Suck Up   Vanilla Isis  Aide de Kampf  The Fresh Prin "
"130","   We were only 650 Jews  against the rest of the Arab world  NO IDF  Israel Defense Army    No powerful Air Force  only brav "
"131","   Flights from the US to Saudi Arabia are set to resume on a daily basis  after weeks of disruptions to air traffic by the "
"132","   Flights from the US to Saudi Arabia are set to resume on a daily basis  after weeks of disruptions to air traffic by the "
"133","   Flights from the US to Saudi Arabia are set to resume on a daily basis  after weeks of disruptions to air traffic by the "
"134","Flights from the US to Saudi Arabia are set to resume on a daily basis  after weeks of disruptions to air traffic b   "
"135","      Andrew W K   I love NYC  to Air Arabia stock footage"
"136","    What assertion  The mercenaries and Saudis cant beat the Houthi and US special force   "
"137","   Indian National evacuees stranded in Saudi Arabia  Kuwait  UAE  Bahrain  amp  Malaysia will be housed in the quarantine facilities mai "
"138","U S  pulling two Patriot missile batteries and some fighter aircraft out of Saudi Arabia amid tensions between the   "
"139","   Good News    Air Arabia Announced flights schedule from  Dubai    01 June    Follow  amp  Re Tweet   "
"140","Good News    Air Arabia Announced flights schedule from  Dubai    01 June    Follow  amp  Re Tweet   "
"141","   Quebec Trudeau have to be getting KICK back from Saudi Arabia   That is the only reason we are not using our own Canadian o "
"142","We were only 650 Jews  against the rest of the Arab world  NO IDF  Israel Defense Army    No powerful Air Force  on   "
"143","   JARED KUSHNER AKA  Kid Corona  Damien s Omen  Wax Boy  Bonesaw Buddy  666 Suck Up   Vanilla Isis  Aide de Kampf  The Fresh Prin "
"144","   JARED KUSHNER AKA  Kid Corona  Damien s Omen  Wax Boy  Bonesaw Buddy  666 Suck Up   Vanilla Isis  Aide de Kampf  The Fresh Prin "
"145","     Earnings  Pinterest  Walt Disney  BMW Group   Uber to lay off 3 700 employees   UK to consider some lockdown easing "
"146","  so a plane flying from saudi arabia to mexico will go through European air space but not African air space "
"147","   Quebec Trudeau have to be getting KICK back from Saudi Arabia   That is the only reason we are not using our own Canadian o "
"148","US fighter jets squadrons leave Saudi Arabia air base   "
"149","Quebec Trudeau have to be getting KICK back from Saudi Arabia   That is the only reason we are not using our own Ca   "
"150"," A320 Type Rated Captains   UAE  hiring    "
"151","   Air Arabia opens return ticket bookings to India  Pakistan  Middle East   qatpak   "
"152","   In today s Gulf Times  Airlines Shrink in order to Survive       BA to make 12 000 employees redundant  Virgin Atlantic 3 000 "
"153","Saudi authorities said that all foreign residents can register online in an initiative aimed at facilitating air tr   "
"154","US removing air defenses from Saudi Arabia is bullish crude  bearish everything else  Iran will absolutely attack K   "
"155","U S  TO REMOVE PATRIOT AIR DEFENSE BATTERIES FROM SAUDI ARABIA "
"156","Hot air notwithstanding  Trump  an instinctive isolationist  never intended USA to maintain a steady role in haltin   "
"157","   Qatar airways and air arabia started firing cabin crew  I can imagine how sad to receive such news  heart and future b "
"158","   In today s Gulf Times  Airlines Shrink in order to Survive       BA to make 12 000 employees redundant  Virgin Atlantic 3 000 "
"159","   In today s Gulf Times  Airlines Shrink in order to Survive       BA to make 12 000 employees redundant  Virgin Atlantic 3 000 "
"160","   In today s Gulf Times  Airlines Shrink in order to Survive       BA to make 12 000 employees redundant  Virgin Atlantic 3 000 "
"161","   In today s Gulf Times  Airlines Shrink in order to Survive       BA to make 12 000 employees redundant  Virgin Atlantic 3 000 "
"162","   In today s Gulf Times  Airlines Shrink in order to Survive       BA to make 12 000 employees redundant  Virgin Atlantic 3 000 "
"163","Middle East  Oman Air  Air Arabia  Qatar  amp  Saudia also significantly reducing workforce amid COVID19  "
"164","In today s Gulf Times  Airlines Shrink in order to Survive       BA to make 12 000 employees redundant  Virgin Atlan   "
"165","    just asking     Fly dubai and air arabia going to restart flights from may 21 to india    "
"166","    The parliament s resolution was ineffective  Military sent a contingent of 1671 troops in Feb 2   "
"167","    Saudi Arabia doesn t use oil as a weapon   Saudi  SaudiArabia  OilCrash  oilprice  Weapon   "
"168","Continued  Since Air India is allowing outbound flights but unfortunately Saudi Arabia is not accepting us other th   "
"169","Another child was killed by  Saudi arabia air strikes in Serwah Mareb region   Yemen  YemenCantWait  "
"170","    Looks like  Fly Dubai and Air Arabia has return bookings too  At least their website says so "
"171","  Dear BLRAirport   Air Arabia is booking flight tickets from 1st Jun  They permission from Indian govern   "
"172","  Please sir let me know if I board the air India flight to Jeddah will I be accepted at the airport or not    "
"173","   JARED KUSHNER AKA  Kid Corona  Damien s Omen  Wax Boy  Bonesaw Buddy  666 Suck Up   Vanilla Isis  Aide de Kampf  The Fresh Prin "
"174","      Past   You don t carve up a country from thin air  This country has no   "
"175","India To Launch World s Largest Evacuation TodayFlights and war Ships from India will go to US  the Philippines  Si   "
"176","   Indian National evacuees stranded in Saudi Arabia  Kuwait  UAE  Bahrain  amp  Malaysia will be housed in the quarantine facilities mai "
"177","   JARED KUSHNER AKA  Kid Corona  Damien s Omen  Wax Boy  Bonesaw Buddy  666 Suck Up   Vanilla Isis  Aide de Kampf  The Fresh Prin "
"178","  No idea  Don t know how they will prioritize if we book now  Air Arabia starts from 1st June  Both subject   "
"179","Qatar Airways announced laying off people because of COVID19 effect on the travel sector as well as Air Arabia whic   "
"180","      Sorry it s my mistake  I thought you were talking about Air Arabia  UAE   No i   "
"181","   The conflict escalated in 2015 when a coalition of forces led by Saudi Arabia  amp  the UAE  supported by international alli "
"182","   Indian National evacuees stranded in Saudi Arabia  Kuwait  UAE  Bahrain  amp  Malaysia will be housed in the quarantine facilities mai "
"183","      Wizz in Abudhabi has already hired Laid off Deck crew from Air Arabia "
"184","   Indian National evacuees stranded in Saudi Arabia  Kuwait  UAE  Bahrain  amp  Malaysia will be housed in the quarantine facilities mai "
"185","   The conflict escalated in 2015 when a coalition of forces led by Saudi Arabia  amp  the UAE  supported by international alli "
"186","   The conflict escalated in 2015 when a coalition of forces led by Saudi Arabia  amp  the UAE  supported by international alli "
"187","   Indian National evacuees stranded in Saudi Arabia  Kuwait  UAE  Bahrain  amp  Malaysia will be housed in the quarantine facilities mai "
"188","   The conflict escalated in 2015 when a coalition of forces led by Saudi Arabia  amp  the UAE  supported by international alli "
"189","   Air Arabia opens return ticket bookings to India  Pakistan  Middle East   qatpak   "
"190","   Indian National evacuees stranded in Saudi Arabia  Kuwait  UAE  Bahrain  amp  Malaysia will be housed in the quarantine facilities mai "
"191","COVID 19  Sharjah based Air Arabia opens regular flight bookings from June 1   "
"192","   Indian National evacuees stranded in Saudi Arabia  Kuwait  UAE  Bahrain  amp  Malaysia will be housed in the quarantine facilities mai "
"193","   Indian National evacuees stranded in Saudi Arabia  Kuwait  UAE  Bahrain  amp  Malaysia will be housed in the quarantine facilities mai "
"194","   Indian National evacuees stranded in Saudi Arabia  Kuwait  UAE  Bahrain  amp  Malaysia will be housed in the quarantine facilities mai "
"195","   Indian National evacuees stranded in Saudi Arabia  Kuwait  UAE  Bahrain  amp  Malaysia will be housed in the quarantine fac "
"196","Indian National evacuees stranded in Saudi Arabia  Kuwait  UAE  Bahrain  amp  Malaysia will be housed in the quarantine   "
"197","   Fascinating  osint analysis of government plane movements   The top three relationships have seen two governments at the same a "
"198","   Indian National evacuees stranded in Saudi Arabia  Kuwait  UAE  Bahrain  amp  Malaysia will be housed in the quarantine facilities mai "
"199","   Indian National evacuees stranded in Saudi Arabia  Kuwait  UAE  Bahrain  amp  Malaysia will be housed in the quarantine facilities mai "
"200","   Indian National evacuees stranded in Saudi Arabia  Kuwait  UAE  Bahrain  amp  Malaysia will be housed in the quarantine facilities mai "
"201","   Indian National evacuees stranded in Saudi Arabia  Kuwait  UAE  Bahrain  amp  Malaysia will be housed in the quarantine facilities mai "
"202","Indian National evacuees stranded in Saudi Arabia  Kuwait  UAE  Bahrain  amp  Malaysia will be housed in the quarantine   "
"203","The conflict escalated in 2015 when a coalition of forces led by Saudi Arabia  amp  the UAE  supported by international   "
"204","   Indian National evacuees stranded in Saudi Arabia  Kuwait  UAE  Bahrain  amp  Malaysia will be housed in the quarantine facilities mai "
"205","   Indian National evacuees stranded in Saudi Arabia  Kuwait  UAE  Bahrain  amp  Malaysia will be housed in the quarantine facilities mai "
"206","   Indian National evacuees stranded in Saudi Arabia  Kuwait  UAE  Bahrain  amp  Malaysia will be housed in the quarantine facilities mai "
"207","Indian National evacuees stranded in Saudi Arabia  Kuwait  UAE  Bahrain  amp  Malaysia will be housed in the quarantine   "
"208","   Fascinating  osint analysis of government plane movements   The top three relationships have seen two governments at the same a "
"209","   Indian National evacuees stranded in Saudi Arabia  Kuwait  UAE  Bahrain  amp  Malaysia will be housed in the quarantine facilities mai "
"210","   Indian National evacuees stranded in Saudi Arabia  Kuwait  UAE  Bahrain  amp  Malaysia will be housed in the quarantine facilities mai "
"211","   Fascinating  osint analysis of government plane movements   The top three relationships have seen two governments at the same a "
"212","   Indian National evacuees stranded in Saudi Arabia  Kuwait  UAE  Bahrain  amp  Malaysia will be housed in the quarantine facilities mai "
"213","   Fascinating  osint analysis of government plane movements   The top three relationships have seen two governments at the same a "
"214","   Fascinating  osint analysis of government plane movements   The top three relationships have seen two governments at the same a "
"215","   Fascinating  osint analysis of government plane movements   The top three relationships have seen two governments at the same a "
"216","   Fascinating  osint analysis of government plane movements   The top three relationships have seen two governments at the same a "
"217","   Fascinating  osint analysis of government plane movements   The top three relationships have seen two governments at the same a "
"218","   Fascinating  osint analysis of government plane movements   The top three relationships have seen two governments at the same a "
"219","   Fascinating  osint analysis of government plane movements   The top three relationships have seen two governments at the same a "
"220","   Indian National evacuees stranded in Saudi Arabia  Kuwait  UAE  Bahrain  amp  Malaysia will be housed in the quarantine facilities mai "
"221","   Fascinating  osint analysis of government plane movements   The top three relationships have seen two governments at the same a "
"222","   Indian National evacuees stranded in Saudi Arabia  Kuwait  UAE  Bahrain  amp  Malaysia will be housed in the quarantine facilities mai "
"223","Indian National evacuees stranded in Saudi Arabia  Kuwait  UAE  Bahrain  amp  Malaysia will be housed in the quarantine   "
"224","Fascinating  osint analysis of government plane movements   The top three relationships have seen two governments a   "
"225","   Indian National evacuees stranded in Saudi Arabia  Kuwait  UAE  Bahrain  amp  Malaysia will be housed in the quarantine facilities mai "
"226","   Indian National evacuees stranded in Saudi Arabia  Kuwait  UAE  Bahrain  amp  Malaysia will be housed in the quarantine facilities mai "
"227","   Indian National evacuees stranded in Saudi Arabia  Kuwait  UAE  Bahrain  amp  Malaysia will be housed in the quarantine facilities mai "
"228","   Indian National evacuees stranded in Saudi Arabia  Kuwait  UAE  Bahrain  amp  Malaysia will be housed in the quarantine facilities mai "
"229","   Indian National evacuees stranded in Saudi Arabia  Kuwait  UAE  Bahrain  amp  Malaysia will be housed in the quarantine facilities mai "
"230","   Indian National evacuees stranded in Saudi Arabia  Kuwait  UAE  Bahrain  amp  Malaysia will be housed in the quarantine facilities mai "
"231","   Indian National evacuees stranded in Saudi Arabia  Kuwait  UAE  Bahrain  amp  Malaysia will be housed in the quarantine facilities mai "
"232","   Indian National evacuees stranded in Saudi Arabia  Kuwait  UAE  Bahrain  amp  Malaysia will be housed in the quarantine facilities mai "
"233","Indian National evacuees stranded in Saudi Arabia  Kuwait  UAE  Bahrain  amp  Malaysia will be housed in the quarantine   "
"234","Air Arabia  flydubai open return flight bookings from UAE    "
"235","Low cost carrier  Air Arabia  opens bookings for its regular return flights to a number of destinations across Asia   "
"236","   JARED KUSHNER AKA  Kid Corona  Damien s Omen  Wax Boy  Bonesaw Buddy  666 Suck Up   Vanilla Isis  Aide de Kampf  The Fresh Prin "
"237","   JARED KUSHNER AKA  Kid Corona  Damien s Omen  Wax Boy  Bonesaw Buddy  666 Suck Up   Vanilla Isis  Aide de Kampf  The Fresh Prin "
"238","Sharjah based Air Arabia opens return ticket bookings to Pakistan  India   pakistan  "
"239","Air Arabia opens return ticket bookings to India  Pakistan  Middle East  "
"240","   JARED KUSHNER AKA  Kid Corona  Damien s Omen  Wax Boy  Bonesaw Buddy  666 Suck Up   Vanilla Isis  Aide de Kampf  The Fresh Prin "
"241","Sharjah based Air Arabia opens return ticket bookings to Pakistan  India   Profit by Pakistan Today  "
"242","   Sad news from the airline industry   "
"243","    A320 Type Rated Captains   UAE  hiringnow    "
"244","   If successful  this will be India s biggest evacuation mission since 1990  when it rescued 170 000 civilians from Kuwait duri "
"245","If successful  this will be India s biggest evacuation mission since 1990  when it rescued 170 000 civilians from K   "
"246","  whats the procedure to book repatration flight to Pakistan  I heard i news there are flight and saw   "
"247","   COVID 19  Sharjah based Air Arabia opens regular flight bookings from June 1     only a "
"248","COVID 19  Sharjah based Air Arabia opens regular flight bookings from June 1     on   "
"249","Good news COVID 19  Sharjah based Air Arabia opens regular flight bookings from June 1  "
"250","     Earnings  Pinterest  Walt Disney  BMW Group   Uber to lay off 3 700 employees   UK to consider some lockdown easing "
"251","07May Dubai News  Salary  Flight Details  Sharjah Lockdown  Air Arabia Flights Booking   UAE News  "
"252","   JARED KUSHNER AKA  Kid Corona  Damien s Omen  Wax Boy  Bonesaw Buddy  666 Suck Up   Vanilla Isis  Aide de Kampf  The Fresh Prin "
"253","   JARED KUSHNER AKA  Kid Corona  Damien s Omen  Wax Boy  Bonesaw Buddy  666 Suck Up   Vanilla Isis  Aide de Kampf  The Fresh Prin "
"254","Air Arabia opens return ticket bookings to Karachi  Peshawar    "
"255","   JARED KUSHNER AKA  Kid Corona  Damien s Omen  Wax Boy  Bonesaw Buddy  666 Suck Up   Vanilla Isis  Aide de Kampf  The Fresh Prin "
"256","Air Arabia opens return ticket bookings to India  Pakistan  Middle East    "
"257","                  "
"258","   JARED KUSHNER AKA  Kid Corona  Damien s Omen  Wax Boy  Bonesaw Buddy  666 Suck Up   Vanilla Isis  Aide de Kampf  The Fresh Prin "
"259","   JARED KUSHNER AKA  Kid Corona  Damien s Omen  Wax Boy  Bonesaw Buddy  666 Suck Up   Vanilla Isis  Aide de Kampf  The Fresh Prin "
"260","   JARED KUSHNER AKA  Kid Corona  Damien s Omen  Wax Boy  Bonesaw Buddy  666 Suck Up   Vanilla Isis  Aide de Kampf  The Fresh Prin "
"261","    Saudi Arabia doesn t use oil as a weapon   Saudi  SaudiArabia  OilCrash  oilprice  Weapon     "
"262","        If Saudi Arabia makes a refinery In Gujarat It will be impossible   "
"263","Air Arabia and Etihad risking the success of joint venture low cost airline  "
"264","   JARED KUSHNER AKA  Kid Corona  Damien s Omen  Wax Boy  Bonesaw Buddy  666 Suck Up   Vanilla Isis  Aide de Kampf  The Fresh Prin "
"265","   JARED KUSHNER AKA  Kid Corona  Damien s Omen  Wax Boy  Bonesaw Buddy  666 Suck Up   Vanilla Isis  Aide de Kampf  The Fresh Prin "
"266","   JARED KUSHNER AKA  Kid Corona  Damien s Omen  Wax Boy  Bonesaw Buddy  666 Suck Up   Vanilla Isis  Aide de Kampf  The Fresh Prin "
"267","   JARED KUSHNER AKA  Kid Corona  Damien s Omen  Wax Boy  Bonesaw Buddy  666 Suck Up   Vanilla Isis  Aide de Kampf  The Fresh Prin "
"268","   JARED KUSHNER AKA  Kid Corona  Damien s Omen  Wax Boy  Bonesaw Buddy  666 Suck Up   Vanilla Isis  Aide de Kampf  The Fresh Prin "
"269","   Air Arabia opens return ticket bookings to Karachi  Peshawar    "
"270","   JARED KUSHNER AKA  Kid Corona  Damien s Omen  Wax Boy  Bonesaw Buddy  666 Suck Up   Vanilla Isis  Aide de Kampf  The Fresh Prin "
"271","   JARED KUSHNER AKA  Kid Corona  Damien s Omen  Wax Boy  Bonesaw Buddy  666 Suck Up   Vanilla Isis  Aide de Kampf  The Fresh Prin "
"272","   JARED KUSHNER AKA  Kid Corona  Damien s Omen  Wax Boy  Bonesaw Buddy  666 Suck Up   Vanilla Isis  Aide de Kampf  The Fresh Prin "
"273","   JARED KUSHNER AKA  Kid Corona  Damien s Omen  Wax Boy  Bonesaw Buddy  666 Suck Up   Vanilla Isis  Aide de Kampf  The Fresh Prin "
"274","   JARED KUSHNER AKA  Kid Corona  Damien s Omen  Wax Boy  Bonesaw Buddy  666 Suck Up   Vanilla Isis  Aide de Kampf  The Fresh Prin "
"275","   JARED KUSHNER AKA  Kid Corona  Damien s Omen  Wax Boy  Bonesaw Buddy  666 Suck Up   Vanilla Isis  Aide de Kampf  The Fresh Prin "
"276","     Earnings  Pinterest  Walt Disney  BMW Group   Uber to lay off 3 700 employees   UK to consider some lockdown easing "
"277","   JARED KUSHNER AKA  Kid Corona  Damien s Omen  Wax Boy  Bonesaw Buddy  666 Suck Up   Vanilla Isis  Aide de Kampf  The Fresh Prin "
"278","   Air Arabia opens return ticket bookings to Karachi  Peshawar    "
"279","Air Arabia opens return ticket bookings to Karachi  Peshawar    "
"280","   JARED KUSHNER AKA  Kid Corona  Damien s Omen  Wax Boy  Bonesaw Buddy  666 Suck Up   Vanilla Isis  Aide de Kampf  The Fresh Prin "
"281","   JARED KUSHNER AKA  Kid Corona  Damien s Omen  Wax Boy  Bonesaw Buddy  666 Suck Up   Vanilla Isis  Aide de Kampf  The Fresh Prin "
"282","   JARED KUSHNER AKA  Kid Corona  Damien s Omen  Wax Boy  Bonesaw Buddy  666 Suck Up   Vanilla Isis  Aide de Kampf  The Fresh Prin "
"283","   JARED KUSHNER AKA  Kid Corona  Damien s Omen  Wax Boy  Bonesaw Buddy  666 Suck Up   Vanilla Isis  Aide de Kampf  The Fresh Prin "
"284","   In tomorrow s Gulf Times    Airlines Shrink to Survive      British Airways to make 12 000 employees redundant  Virgin Atlan "
"285","   JARED KUSHNER AKA  Kid Corona  Damien s Omen  Wax Boy  Bonesaw Buddy  666 Suck Up   Vanilla Isis  Aide de Kampf  The Fresh Prin "
"286","   JARED KUSHNER AKA  Kid Corona  Damien s Omen  Wax Boy  Bonesaw Buddy  666 Suck Up   Vanilla Isis  Aide de Kampf  The Fresh Prin "
"287","   JARED KUSHNER AKA  Kid Corona  Damien s Omen  Wax Boy  Bonesaw Buddy  666 Suck Up   Vanilla Isis  Aide de Kampf  The Fresh Prin "
"288","   Air Arabia  a Sharjah based low cost airline  opens regular passenger flight bookings on its online reservation portal with "
"289","   JARED KUSHNER AKA  Kid Corona  Damien s Omen  Wax Boy  Bonesaw Buddy  666 Suck Up   Vanilla Isis  Aide de Kampf  The Fresh Prin "
"290","   JARED KUSHNER AKA  Kid Corona  Damien s Omen  Wax Boy  Bonesaw Buddy  666 Suck Up   Vanilla Isis  Aide de Kampf  The Fresh Prin "
"291","   JARED KUSHNER AKA  Kid Corona  Damien s Omen  Wax Boy  Bonesaw Buddy  666 Suck Up   Vanilla Isis  Aide de Kampf  The Fresh Prin "
"292","   JARED KUSHNER AKA  Kid Corona  Damien s Omen  Wax Boy  Bonesaw Buddy  666 Suck Up   Vanilla Isis  Aide de Kampf  The Fresh Prin "
"293","   JARED KUSHNER AKA  Kid Corona  Damien s Omen  Wax Boy  Bonesaw Buddy  666 Suck Up   Vanilla Isis  Aide de Kampf  The Fresh Prin "
"294","Jared wants you to know that he has it tough too  Today one of his Butlers failed to reach 20 000 steps on Jared s   "
"295","   JARED KUSHNER AKA  Kid Corona  Damien s Omen  Wax Boy  Bonesaw Buddy  666 Suck Up   Vanilla Isis  Aide de Kampf  The Fresh Prin "
"296","   JARED KUSHNER AKA  Kid Corona  Damien s Omen  Wax Boy  Bonesaw Buddy  666 Suck Up   Vanilla Isis  Aide de Kampf  The Fresh Prin "
"297","Flight Attendant   UAE  loveaviation    "
"298","   JARED KUSHNER AKA  Kid Corona  Damien s Omen  Wax Boy  Bonesaw Buddy  666 Suck Up   Vanilla Isis  Aide de Kampf  The Fresh Prin "
"299","   JARED KUSHNER AKA  Kid Corona  Damien s Omen  Wax Boy  Bonesaw Buddy  666 Suck Up   Vanilla Isis  Aide de Kampf  The Fresh Prin "
"300","   JARED KUSHNER AKA  Kid Corona  Damien s Omen  Wax Boy  Bonesaw Buddy  666 Suck Up   Vanilla Isis  Aide de Kampf  The Fresh Prin "
"301","   JARED KUSHNER AKA  Kid Corona  Damien s Omen  Wax Boy  Bonesaw Buddy  666 Suck Up   Vanilla Isis  Aide de Kampf  The Fresh Prin "
"302","   JARED KUSHNER AKA  Kid Corona  Damien s Omen  Wax Boy  Bonesaw Buddy  666 Suck Up   Vanilla Isis  Aide de Kampf  The Fresh Prin "
"303","   A fly Emirates A380 departing to Sudan from Abu Dhabi airports with an air Arabia baggage tag   Girl what are tou taking us f "
"304","   JARED KUSHNER AKA  Kid Corona  Damien s Omen  Wax Boy  Bonesaw Buddy  666 Suck Up   Vanilla Isis  Aide de Kampf  The Fresh Prin "
"305","   JARED KUSHNER AKA  Kid Corona  Damien s Omen  Wax Boy  Bonesaw Buddy  666 Suck Up   Vanilla Isis  Aide de Kampf  The Fresh Prin "
"306","   JARED KUSHNER AKA  Kid Corona  Damien s Omen  Wax Boy  Bonesaw Buddy  666 Suck Up   Vanilla Isis  Aide de Kampf  The Fresh Prin "
"307","   JARED KUSHNER AKA  Kid Corona  Damien s Omen  Wax Boy  Bonesaw Buddy  666 Suck Up   Vanilla Isis  Aide de Kampf  The Fresh Prin "
"308","   JARED KUSHNER AKA  Kid Corona  Damien s Omen  Wax Boy  Bonesaw Buddy  666 Suck Up   Vanilla Isis  Aide de Kampf  The Fresh Prin "
"309","   In tomorrow s Gulf Times    Airlines Shrink to Survive      British Airways to make 12 000 employees redundant  Virgin Atlan "
"310","    Lol  Useful idiot boomer  Your boy spent tax payer dollars air bridging equipment fro   "
"311","   JARED KUSHNER AKA  Kid Corona  Damien s Omen  Wax Boy  Bonesaw Buddy  666 Suck Up   Vanilla Isis  Aide de Kampf  The Fresh Prin "
"312","   JARED KUSHNER AKA  Kid Corona  Damien s Omen  Wax Boy  Bonesaw Buddy  666 Suck Up   Vanilla Isis  Aide de Kampf  The Fresh Prin "
"313","   JARED KUSHNER AKA  Kid Corona  Damien s Omen  Wax Boy  Bonesaw Buddy  666 Suck Up   Vanilla Isis  Aide de Kampf  The Fresh Prin "
"314","   JARED KUSHNER AKA  Kid Corona  Damien s Omen  Wax Boy  Bonesaw Buddy  666 Suck Up   Vanilla Isis  Aide de Kampf  The Fresh Prin "
"315","   JARED KUSHNER AKA  Kid Corona  Damien s Omen  Wax Boy  Bonesaw Buddy  666 Suck Up   Vanilla Isis  Aide de Kampf  The Fresh Prin "
"316","   JARED KUSHNER AKA  Kid Corona  Damien s Omen  Wax Boy  Bonesaw Buddy  666 Suck Up   Vanilla Isis  Aide de Kampf  The Fresh Prin "
"317","   JARED KUSHNER AKA  Kid Corona  Damien s Omen  Wax Boy  Bonesaw Buddy  666 Suck Up   Vanilla Isis  Aide de Kampf  The Fresh Prin "
"318","    UAE airlines are planning to start daily return flight operations in May and June with low cost air carrier Air Arabia o "
"319","   JARED KUSHNER AKA  Kid Corona  Damien s Omen  Wax Boy  Bonesaw Buddy  666 Suck Up   Vanilla Isis  Aide de Kampf  The Fresh Prin "
"320","   Latest  In Middle East  UAE low cost airline  Air Arabia has cut jobs  reducing its workforce due the coronavirus pandemic  "
"321","   JARED KUSHNER AKA  Kid Corona  Damien s Omen  Wax Boy  Bonesaw Buddy  666 Suck Up   Vanilla Isis  Aide de Kampf  The Fresh Prin "
"322","     giving arms money to terrorist organizations AND terrorist states  Israel and Saudi Arabia  who then use them   "
"323","   JARED KUSHNER AKA  Kid Corona  Damien s Omen  Wax Boy  Bonesaw Buddy  666 Suck Up   Vanilla Isis  Aide de Kampf  The Fresh Prin "
"324","   JARED KUSHNER AKA  Kid Corona  Damien s Omen  Wax Boy  Bonesaw Buddy  666 Suck Up   Vanilla Isis  Aide de Kampf  The Fresh Prin "
"325","   JARED KUSHNER AKA  Kid Corona  Damien s Omen  Wax Boy  Bonesaw Buddy  666 Suck Up   Vanilla Isis  Aide de Kampf  The Fresh Prin "
"326","   JARED KUSHNER AKA  Kid Corona  Damien s Omen  Wax Boy  Bonesaw Buddy  666 Suck Up   Vanilla Isis  Aide de Kampf  The Fresh Prin "
"327","   JARED KUSHNER AKA  Kid Corona  Damien s Omen  Wax Boy  Bonesaw Buddy  666 Suck Up   Vanilla Isis  Aide de Kampf  The Fresh Prin "
"328","   In tomorrow s Gulf Times    Airlines Shrink to Survive      British Airways to make 12 000 employees redundant  Virgin Atlan "
"329","   JARED KUSHNER AKA  Kid Corona  Damien s Omen  Wax Boy  Bonesaw Buddy  666 Suck Up   Vanilla Isis  Aide de Kampf  The Fresh Prin "
"330","   JARED KUSHNER AKA  Kid Corona  Damien s Omen  Wax Boy  Bonesaw Buddy  666 Suck Up   Vanilla Isis  Aide de Kampf  The Fresh Prin "
"331","   JARED KUSHNER AKA  Kid Corona  Damien s Omen  Wax Boy  Bonesaw Buddy  666 Suck Up   Vanilla Isis  Aide de Kampf  The Fresh Prin "
"332","   In tomorrow s Gulf Times    Airlines Shrink to Survive      British Airways to make 12 000 employees redundant  Virgin Atlan "
"333","   JARED KUSHNER AKA  Kid Corona  Damien s Omen  Wax Boy  Bonesaw Buddy  666 Suck Up   Vanilla Isis  Aide de Kampf  The Fresh Prin "
"334","   JARED KUSHNER AKA  Kid Corona  Damien s Omen  Wax Boy  Bonesaw Buddy  666 Suck Up   Vanilla Isis  Aide de Kampf  The Fresh Prin "
"335","   In tomorrow s Gulf Times    Airlines Shrink to Survive      British Airways to make 12 000 employees redundant  Virgin Atlan "
"336","   JARED KUSHNER AKA  Kid Corona  Damien s Omen  Wax Boy  Bonesaw Buddy  666 Suck Up   Vanilla Isis  Aide de Kampf  The Fresh Prin "
"337","   In tomorrow s Gulf Times    Airlines Shrink to Survive      British Airways to make 12 000 employees redundant  Virgin Atlan "
"338","   JARED KUSHNER AKA  Kid Corona  Damien s Omen  Wax Boy  Bonesaw Buddy  666 Suck Up   Vanilla Isis  Aide de Kampf  The Fresh Prin "
"339","   JARED KUSHNER AKA  Kid Corona  Damien s Omen  Wax Boy  Bonesaw Buddy  666 Suck Up   Vanilla Isis  Aide de Kampf  The Fresh Prin "
"340","   In tomorrow s Gulf Times    Airlines Shrink to Survive      British Airways to make 12 000 employees redundant  Virgin Atlan "
"341","   JARED KUSHNER AKA  Kid Corona  Damien s Omen  Wax Boy  Bonesaw Buddy  666 Suck Up   Vanilla Isis  Aide de Kampf  The Fresh Prin "
"342","   JARED KUSHNER AKA  Kid Corona  Damien s Omen  Wax Boy  Bonesaw Buddy  666 Suck Up   Vanilla Isis  Aide de Kampf  The Fresh Prin "
"343","In tomorrow s Gulf Times    Airlines Shrink to Survive      British Airways to make 12 000 employees redundant  Vir   "
"344","   JARED KUSHNER AKA  Kid Corona  Damien s Omen  Wax Boy  Bonesaw Buddy  666 Suck Up   Vanilla Isis  Aide de Kampf  The Fresh Prin "
"345","   JARED KUSHNER AKA  Kid Corona  Damien s Omen  Wax Boy  Bonesaw Buddy  666 Suck Up   Vanilla Isis  Aide de Kampf  The Fresh Prin "
"346","   JARED KUSHNER AKA  Kid Corona  Damien s Omen  Wax Boy  Bonesaw Buddy  666 Suck Up   Vanilla Isis  Aide de Kampf  The Fresh Prin "
"347","   JARED KUSHNER AKA  Kid Corona  Damien s Omen  Wax Boy  Bonesaw Buddy  666 Suck Up   Vanilla Isis  Aide de Kampf  The Fresh Prin "
"348","   JARED KUSHNER AKA  Kid Corona  Damien s Omen  Wax Boy  Bonesaw Buddy  666 Suck Up   Vanilla Isis  Aide de Kampf  The Fresh Prin "
"349","   JARED KUSHNER AKA  Kid Corona  Damien s Omen  Wax Boy  Bonesaw Buddy  666 Suck Up   Vanilla Isis  Aide de Kampf  The Fresh Prin "
"350","   JARED KUSHNER AKA  Kid Corona  Damien s Omen  Wax Boy  Bonesaw Buddy  666 Suck Up   Vanilla Isis  Aide de Kampf  The Fresh Prin "
"351","   JARED KUSHNER AKA  Kid Corona  Damien s Omen  Wax Boy  Bonesaw Buddy  666 Suck Up   Vanilla Isis  Aide de Kampf  The Fresh Prin "
"352","   JARED KUSHNER AKA  Kid Corona  Damien s Omen  Wax Boy  Bonesaw Buddy  666 Suck Up   Vanilla Isis  Aide de Kampf  The Fresh Prin "
"353","   JARED KUSHNER AKA  Kid Corona  Damien s Omen  Wax Boy  Bonesaw Buddy  666 Suck Up   Vanilla Isis  Aide de Kampf  The Fresh Prin "
"354","   JARED KUSHNER AKA  Kid Corona  Damien s Omen  Wax Boy  Bonesaw Buddy  666 Suck Up   Vanilla Isis  Aide de Kampf  The Fresh Prin "
"355","   JARED KUSHNER AKA  Kid Corona  Damien s Omen  Wax Boy  Bonesaw Buddy  666 Suck Up   Vanilla Isis  Aide de Kampf  The Fresh Prin "
"356","   JARED KUSHNER AKA  Kid Corona  Damien s Omen  Wax Boy  Bonesaw Buddy  666 Suck Up   Vanilla Isis  Aide de Kampf  The Fresh Prin "
"357","   JARED KUSHNER AKA  Kid Corona  Damien s Omen  Wax Boy  Bonesaw Buddy  666 Suck Up   Vanilla Isis  Aide de Kampf  The Fresh Prin "
"358","   JARED KUSHNER AKA  Kid Corona  Damien s Omen  Wax Boy  Bonesaw Buddy  666 Suck Up   Vanilla Isis  Aide de Kampf  The Fresh Prin "
"359","   JARED KUSHNER AKA  Kid Corona  Damien s Omen  Wax Boy  Bonesaw Buddy  666 Suck Up   Vanilla Isis  Aide de Kampf  The Fresh Prin "
"360","   JARED KUSHNER AKA  Kid Corona  Damien s Omen  Wax Boy  Bonesaw Buddy  666 Suck Up   Vanilla Isis  Aide de Kampf  The Fresh Prin "
"361","   JARED KUSHNER AKA  Kid Corona  Damien s Omen  Wax Boy  Bonesaw Buddy  666 Suck Up   Vanilla Isis  Aide de Kampf  The Fresh Prin "
"362","   JARED KUSHNER AKA  Kid Corona  Damien s Omen  Wax Boy  Bonesaw Buddy  666 Suck Up   Vanilla Isis  Aide de Kampf  The Fresh Prin "
"363","   JARED KUSHNER AKA  Kid Corona  Damien s Omen  Wax Boy  Bonesaw Buddy  666 Suck Up   Vanilla Isis  Aide de Kampf  The Fresh Prin "
"364","   JARED KUSHNER AKA  Kid Corona  Damien s Omen  Wax Boy  Bonesaw Buddy  666 Suck Up   Vanilla Isis  Aide de Kampf  The Fresh Prin "
"365","   JARED KUSHNER AKA  Kid Corona  Damien s Omen  Wax Boy  Bonesaw Buddy  666 Suck Up   Vanilla Isis  Aide de Kampf  The Fresh Prin "
"366","   JARED KUSHNER AKA  Kid Corona  Damien s Omen  Wax Boy  Bonesaw Buddy  666 Suck Up   Vanilla Isis  Aide de Kampf  The Fresh Prin "
"367","   JARED KUSHNER AKA  Kid Corona  Damien s Omen  Wax Boy  Bonesaw Buddy  666 Suck Up   Vanilla Isis  Aide de Kampf  The Fresh Prin "
"368","   JARED KUSHNER AKA  Kid Corona  Damien s Omen  Wax Boy  Bonesaw Buddy  666 Suck Up   Vanilla Isis  Aide de Kampf  The Fresh Prin "
"369","   JARED KUSHNER AKA  Kid Corona  Damien s Omen  Wax Boy  Bonesaw Buddy  666 Suck Up   Vanilla Isis  Aide de Kampf  The Fresh Prin "
"370","   JARED KUSHNER AKA  Kid Corona  Damien s Omen  Wax Boy  Bonesaw Buddy  666 Suck Up   Vanilla Isis  Aide de Kampf  The Fresh Prin "
"371","   JARED KUSHNER AKA  Kid Corona  Damien s Omen  Wax Boy  Bonesaw Buddy  666 Suck Up   Vanilla Isis  Aide de Kampf  The Fresh Prin "
"372","   JARED KUSHNER AKA  Kid Corona  Damien s Omen  Wax Boy  Bonesaw Buddy  666 Suck Up   Vanilla Isis  Aide de Kampf  The Fresh Prin "
"373","   JARED KUSHNER AKA  Kid Corona  Damien s Omen  Wax Boy  Bonesaw Buddy  666 Suck Up   Vanilla Isis  Aide de Kampf  The Fresh Prin "
"374","   JARED KUSHNER AKA  Kid Corona  Damien s Omen  Wax Boy  Bonesaw Buddy  666 Suck Up   Vanilla Isis  Aide de Kampf  The Fresh Prin "
"375","   JARED KUSHNER AKA  Kid Corona  Damien s Omen  Wax Boy  Bonesaw Buddy  666 Suck Up   Vanilla Isis  Aide de Kampf  The Fresh Prin "
"376","JARED KUSHNER AKA  Kid Corona  Damien s Omen  Wax Boy  Bonesaw Buddy  666 Suck Up   Vanilla Isis  Aide de Kampf  Th   "
"377","   Latest  In Middle East  UAE low cost airline  Air Arabia has cut jobs  reducing its workforce due the coronavirus pandemic  "
"378","   Air Arabia opens return ticket bookings to Karachi  Peshawar    "
"379","   COVID 19  Sharjah based Air Arabia opens regular flight bookings from June 1  "
"380","  Sharjah ki air line air arabia 1 june se open ho rahi hy plz allowed karain unko pakistan se b pesengers le   "
"381","Air Arabia opens passenger flight bookings to select destinations    a rather surprise mo   "
"382","  Hello Air India team  please contact me for booking flights ticket to India from Saudi Arabia   Please   "
"383"," UAE airlines are planning to start daily return flight operations in May and June with low cost air carrier Air Ar   "
"384","   Qatar airways and air arabia started firing cabin crew  I can imagine how sad to receive such news  heart and future b "
"385","    A320 Type Rated Captains   UAE  hiringnow    "
"386","   Latest  In Middle East  UAE low cost airline  Air Arabia has cut jobs  reducing its workforce due the coronavirus pandemic  "
"387","     Earnings  Pinterest  Walt Disney  BMW Group   Uber to lay off 3 700 employees   UK to consider some lockdown easing "
"388","     Earnings  Pinterest  Walt Disney  BMW Group   Uber to lay off 3 700 employees   UK to consider some lockdown easing "
"389","  Earnings  Pinterest  Walt Disney  BMW Group   Uber to lay off 3 700 employees   UK to consider some lockdown easi   "
"390","Air Arabia opens return ticket bookings to India  Pakistan  Middle East  "
"391","Air Arabia opens return ticket bookings to Karachi  Peshawar    "
"392","   Air Arabia opens return ticket bookings to India  Pakistan  Middle East   qatpak   "
"393","    A320 Type Rated Captains   UAE  hiringnow    "
"394","Evacuation of Indians stranded abroad to begin tomorrow  five Air India flights to bring citizens back from Saudi A   "
"395"," A320 Type Rated Captains   UAE  hiringnow    "
"396","  Didn t Obama put air strikes on a wedding and a BBQ in order to take out two Yemenis who were unfortun   "
"397","   The evacuation exercise of Indians stranded abroad will begin tomorrow  Centre will operate five Air India flights from Saud "
"398","The evacuation exercise of Indians stranded abroad will begin tomorrow  Centre will operate five Air India flights   "
"399","   Air Arabia opens regular flight bookings from June 1    "
"400","Air Arabia opens regular flight bookings from June 1    "
"401","   Latest  In Middle East  UAE low cost airline  Air Arabia has cut jobs  reducing its workforce due the coronavirus pandemic  "
"402","   Air Arabia  a Sharjah based low cost airline  opens regular passenger flight bookings on its online reservation portal with "
"403","Air Arabia opens return ticket bookings to Pakistan  Middle East and India    "
"404","   Flight Attendant   UAE  hiringnow    "
"405","    A320 Type Rated Captains   UAE  aviationjobs    "
"406","   Latest  In Middle East  UAE low cost airline  Air Arabia has cut jobs  reducing its workforce due the coronavirus pandemic  "
"407","This Date in Military History  1941   Comedian  amp  Movie Star Bob Hope performs his first USO Show at March Air Force   "
"408","   Air Arabia opens return ticket bookings to Karachi  Peshawar    "
"409","   Air Arabia  a Sharjah based low cost airline  opens regular passenger flight bookings on its online reservation portal with "
"410","  any updates on flights to UAE    air Arabia and indigo have accepted booking from 02nd June though no formal announcement yet "
"411","   Latest  In Middle East  UAE low cost airline  Air Arabia has cut jobs  reducing its workforce due the coronavirus pandemic  "
"412","  Dear sir  My parents has to travel to Chandrapur district in Maharashtra  Nagpur airport is closest one b   "
"413","    arranged by the Indian government  Because of restrictions on inter city travel in Saudi Arabia  initially only   "
"414","   Air Arabia is the latest airline to announce it is cutting jobs  "
"415","Air Arabia is the latest airline to announce it is cutting jobs  "
"416","   Air Arabia opens return ticket bookings to India  Pakistan  Middle East   qatpak   "
"417","   Air Arabia  a Sharjah based low cost airline  opens regular passenger flight bookings on its online reservation portal with "
"418","   Air Arabia opens return ticket bookings to India  Pakistan  Middle East cities    Corona  COVID19 h "
"419","Air Arabia opens return ticket bookings to Karachi  Peshawar    "
"420","Signs of hope for the Aviation sector     COVID 19  Sharjah based Air Arabia opens regular flight bookings from Jun   "
"421","  The below link will assist you in getting the contact details of our sales offices around the globe    "
"422","  Dear Shams   Thank you for taking the time to write to us   You can use the Air Arabia credits for ne   "
"423","   Latest  In Middle East  UAE low cost airline  Air Arabia has cut jobs  reducing its workforce due the coronavirus pandemic  "
"424","   Air Arabia  a Sharjah based low cost airline  opens regular passenger flight bookings on its online reservation portal with "
"425","   Air Arabia  a Sharjah based low cost airline  opens regular passenger flight bookings on its online reservation portal with "
"426","   Air Arabia opens return ticket bookings to India  Pakistan  Middle East cities    Corona  COVID19 h "
"427","   Non Western nations live in a plastic world that we created for them  we protect shipping  banking  transport  oil  trade  "
"428","   Latest  In Middle East  UAE low cost airline  Air Arabia has cut jobs  reducing its workforce due the coronavirus pandemic  "
"429","   Air Arabia opens return ticket bookings to India  Pakistan  Middle East cities    Corona  COVID19 h "
"430","Air Arabia  a Sharjah based low cost airline  opens regular passenger flight bookings on its online reservation por   "
"431","COVID 19  Sharjah based Air Arabia opens regular flight bookings from June 1  "
"432","    COVID19  Sharjah based  AirArabia opens regular flight bookings from June 1  "
"433","   Latest  In Middle East  UAE low cost airline  Air Arabia has cut jobs  reducing its workforce due the coronavirus pandemic  "
"434","   Air Arabia opens return ticket bookings to India  Pakistan  Middle East cities    Corona  COVID19 h "
"435"," AirArabia slashes 57 jobs on the back of protracted  pandemic  The  airline has suspended operations to comply wit   "
"436","    COVID19  Sharjah based  AirArabia opens regular flight bookings from June 1  "
"437","   Latest  In Middle East  UAE low cost airline  Air Arabia has cut jobs  reducing its workforce due the coronavirus pandemic  "
"438","   Air Arabia opens return flight bookings starting June 1 from Sharjah      "
"439","  Air Arabia is resuming its flight from 1st june"
"440","   Air Arabia opens return ticket bookings to India  Pakistan  Middle East   qatpak   "
"441","  to open regular passenger flights in June    uae  flights  Covid 19  "
"442"," AirArabia opens return ticket bookings to India  Pakistan  Middle East    "
"443","   Air Arabia opens return flight bookings starting June 1 from Sharjah      "
"444","UAE based Air Arabia cuts 57 jobs due to coronavirus crisis    "
"445","   Air Arabia opens return ticket bookings to India  Pakistan  Middle East   qatpak   "
"446","   Air Arabia opens return ticket bookings to India  Pakistan  Middle East   qatpak   "
"447","    COVID19  Sharjah based  AirArabia opens regular flight bookings from June 1  "
"448","   Air Arabia opens return ticket bookings to India  Pakistan  Middle East   qatpak   "
"449","   Air Arabia opens return ticket bookings to India  Pakistan  Middle East   qatpak   "
"450","   Air Arabia opens return ticket bookings to Karachi  Peshawar    "
"451","   Air Arabia opens return ticket bookings to Karachi  Peshawar    "
"452","Air Arabia opens return ticket bookings to Karachi  Peshawar    "
"453","   Air Arabia opens return ticket bookings to India  Pakistan  Middle East   qatpak   "
"454","   Air Arabia opens return ticket bookings to India  Pakistan  Middle East   qatpak   "
"455","   Air Arabia opens return ticket bookings to India  Pakistan  Middle East cities    Corona  COVID19 h "
"456","Air Arabia opens return flight bookings starting June 1 from Sharjah      "
"457","   Catch up   SaudiArabia is now  exceptionally  allowing residents of all nationalities to register in online service  Awd "
"458","   COVID 19  Sharjah based Air Arabia opens regular flight bookings from June 1  "
"459","      Unlike Turkey  Saudi Arabia doesn t have an Israeli embassy nor does it allow   "
"460","  Respected sir   Please start repatriation flight service from saudi arabia along with air india  we are s   "
"461","Long haul carrier Qatar Airways said on Wednesday that it plans to lay off staff as the COVID 19 pandemic grounded   "
"462","    COVID19  Sharjah based  AirArabia opens regular flight bookings from June 1  "
"463","UAE based Air Arabia cuts 57 jobs due to coronavirus crisis  "
"464","    COVID19  Sharjah based  AirArabia opens regular flight bookings from June 1  "
"465","Sad news from the airline industry   "
"466","   Air Arabia opens return ticket bookings to India  Pakistan  Middle East cities    Corona  COVID19 h "
"467","   Air Arabia opens return ticket bookings to India  Pakistan  Middle East   qatpak   "
"468","   Air Arabia opens return ticket bookings to India  Pakistan  Middle East   qatpak   "
"469","   Air Arabia opens return ticket bookings to India  Pakistan  Middle East   qatpak   "
"470","Air Arabia opens return ticket bookings to India  Pakistan  Middle East   qatpak   "
"471","   Air Arabia opens return tickets to Indian subcontinent and middle east  "
"472","COVID 19  Sharjah based Air Arabia opens regular flight bookings from June 1  "
"473","   Air Arabia opens return ticket bookings to India  Pakistan  Middle East cities    Corona  COVID19 h "
"474","Sharjah based Air Arabia opens regular flight bookings from June 1  The airline has opened online bookings for its   "
"475","   COVID 19  Sharjah based Air Arabia opens regular flight bookings from June 1  "
"476","    COVID19  Sharjah based  AirArabia opens regular flight bookings from June 1  "
"477","    COVID19  Sharjah based  AirArabia opens regular flight bookings from June 1  "
"478","Dear         Please check and confirm following announcement by Air Arabia for online booking   I h   "
"479"," COVID19  Sharjah based  AirArabia opens regular flight bookings from June 1  "
"480","   COVID 19  Sharjah based Air Arabia opens regular flight bookings from June 1  "
"481","COVID 19  Sharjah based Air Arabia opens regular flight bookings from June 1   Uae   Gulf News  "
"482","COVID 19  Sharjah based Air Arabia opens regular flight bookings from June 1  "
"483","UAE  Air Arabia Opens Regular Flight Bookings From June 1  "
"484","   Air Arabia opens return ticket bookings to India  Pakistan  Middle East cities    Corona  COVID19 h "
"485","   Air Arabia opens return ticket bookings to India  Pakistan  Middle East cities    Corona  COVID19 h "
"486","Air Arabia  the only listed carrier in the UAE  has laid off 57 employees due to travel disruptions caused by the c   "
"487","   Air Arabia opens return ticket bookings to India  Pakistan  Middle East cities    Corona  COVID19 h "
"488","   Latest  In Middle East  UAE low cost airline  Air Arabia has cut jobs  reducing its workforce due the coronavirus pandemic  "
"489","   Air Arabia opens return ticket bookings to India  Pakistan  Middle East cities    Corona  COVID19 h "
"490","Air Arabia opens return tickets to Indian subcontinent and middle east  "
"491","UAE Cabinet approves Air Arabia Abu Dhabi as national airline   I m confused  And I saw Air A   "
"492","   Air Arabia opens return ticket bookings to India  Pakistan  Middle East cities    Corona  COVID19 h "
"493","Air Arabia opens return ticket bookings to India  Pakistan  Middle East cities    Corona   "
"494","   Catch up   SaudiArabia is now  exceptionally  allowing residents of all nationalities to register in online service  Awd "
"495","   Qatar airways and air arabia started firing cabin crew  I can imagine how sad to receive such news  heart and future b "
"496","       Qatar Airways  Emirates Airlines  Air Arabia lay off employees  qatarairways  emiratesairlines  airarabia   "
"497","   Latest  In Middle East  UAE low cost airline  Air Arabia has cut jobs  reducing its workforce due the coronavirus pandemic  "
"498","   Latest  In Middle East  UAE low cost airline  Air Arabia has cut jobs  reducing its workforce due the coronavirus pandemic  "
"499","   Latest  In Middle East  UAE low cost airline  Air Arabia has cut jobs  reducing its workforce due the coronavirus pandemic  "
"500","Latest  In Middle East  UAE low cost airline  Air Arabia has cut jobs  reducing its workforce due the coronavirus p   "
"501","   Catch up   SaudiArabia is now  exceptionally  allowing residents of all nationalities to register in online service  Awd "
"502","   Catch up   SaudiArabia is now  exceptionally  allowing residents of all nationalities to register in online service  Awd "
"503","Catch up   SaudiArabia is now  exceptionally  allowing residents of all nationalities to register in online service   "
"504","   UAE based airlines for UAE eVISA    1  Etihad Airways          2  Emirates Airline     "
"505","Non Western nations live in a plastic world that we created for them  we protect shipping  banking  transport  oil    "
"506","UAE based Air Arabia cuts 57 jobs due to coronavirus crisis    Economy"
"507","UAE based Air Arabia cuts 57 jobs due to coronavirus crisis   Arab News  "
"508","   Flight Attendant   UAE  hiringnow    "
"509","Flight Attendant   UAE  hiringnow    "
"510"," Air Arabia lays off limited number of its employees amid pandemic    "
"511","Qatar airways and air arabia started firing cabin crew  I can imagine how sad to receive such news  heart and futur   "
"512","  I am surprised he hasn t got an escalator for Air Force One like the King of Saudi Arabia s "
"513","    Sharjah based airline Air Arabia has laid off 57 employees due to travel disruptions caused by the  Coronavirus pandemic htt "
"514","  For obtain information about passenger flights or air cargo flights  Kindly get in touch with Air   "
"515","ON AIR  SAM ARTHUR   Adding value to lives daily  Talk to us on 0208 90 2121 HELLO  CO UK   "
"516","    Sharjah based airline Air Arabia has laid off 57 employees due to travel disruptions caused by the  Coronavirus pandemic htt "
"517","    Sharjah based airline Air Arabia has laid off 57 employees due to travel disruptions caused by the  Coronavirus pandemic htt "
"518"," Sharjah based airline Air Arabia has laid off 57 employees due to travel disruptions caused by the  Coronavirus pa   "
"519"," UAE based Air Arabia cuts 57 jobs due to coronavirus crisis   Reuters  "
"520","    To save Jude a bit of work  it probably includes    Reduced health risk from air pollutio   "
"521","  My last 747 flight was on a terribly cramped Wamos one to New York  so configured because it had recently   "
"522","   Air Arabia announces 57 jobs are due to be cut as the  coronavirus keeps airlines grounded    "
"523","   BAE s weekly cargo flight from its war plane factory in England to an air base in Saudi Arabia is on its way again  Looks "
"524","   Air Arabia announces 57 jobs are due to be cut as the  coronavirus keeps airlines grounded    "
"525"," UAE  based  AirArabia cuts 57 jobs due to  coronavirus crisis  "
"526","   Don t recall ever seeing so little air traffic  such empty skies  simultaneously  on a weekday  over Israel  Jordan  Cyprus  "
"527","   Air Arabia announces 57 jobs are due to be cut as the  coronavirus keeps airlines grounded    "
"528","    A320 Type Rated Captains   UAE  aviationjobs    "
"529"," A320 Type Rated Captains   UAE  aviationjobs    "
"530","   The Sharjah based airline has about 2 000 employees   "
"531","The Sharjah based airline has about 2 000 employees   "
"532","Reuters reported that the airline laid off 57 employees    "
"533","   UAE based Air Arabia cuts 57 jobs due to COVID 19 crisis   "
"534"," UAE based Air Arabia cuts 57 jobs due to coronavirus crisis now trending on Monkey Viral    "
"535","   Saudi Arabia has extended its unilateral truce for another 30 days    This is while Riyadh has carried out more than 300 "
"536","   Air Arabia announces 57 jobs are due to be cut as the  coronavirus keeps airlines grounded    "
"537","   UAE based Air Arabia cuts 57 jobs due to COVID 19 crisis   "
"538","Coronavirus  Air Arabia announces job cuts  "
"539","   UAE based Air Arabia cuts 57 jobs due to COVID 19 crisis   "
"540","UAE based Air Arabia cuts 57 jobs due to COVID 19 crisis   "
"541","Air Arabia announces 57 jobs are due to be cut as the  coronavirus keeps airlines grounded    "
"542","UAE airline Air Arabia announces job cuts  "
"543","Air Arabia Lays Off 57 Employees Due to Coronavirus Crisis  "
"544","   Nearly 15000 Indians abroad to be brought back in 64 flights  Air India 40 and Air India Express 24 Passengers to be br "
"545","   Nearly 15000 Indians abroad to be brought back in 64 flights  Air India 40 and Air India Express 24 Passengers to be br "
"546","   Nearly 15000 Indians abroad to be brought back in 64 flights  Air India 40 and Air India Express 24 Passengers to be br "
"547","   UAE based Air Arabia cuts 57 jobs due to  COVID19 crisis   "
"548","   Nearly 15000 Indians abroad to be brought back in 64 flights  Air India 40 and Air India Express 24 Passengers to be br "
"549","   Nearly 15000 Indians abroad to be brought back in 64 flights  Air India 40 and Air India Express 24 Passengers to be br "
"550","   UAE based Air Arabia cuts 57 jobs due to  COVID19 crisis   "
"551","UAE based Air Arabia cuts 57 jobs due to  COVID19 crisis   "
"552","Air Handling Unit  Owing to the vast experience in this domain  we are instrumental in providing an array of   "
"553","   Nearly 15000 Indians abroad to be brought back in 64 flights  Air India 40 and Air India Express 24 Passengers to be br "
"554","   Nearly 15000 Indians abroad to be brought back in 64 flights  Air India 40 and Air India Express 24 Passengers to be br "
"555","UAE based Air Arabia cuts 57 jobs due to coronavirus crisis   Sharjah based airline  which has about 2 000 employee   "
"556","  Nigerians we like awoof too much nothing is free in this world except air  We cannot have free educatio   "
"557","Nearly 15000 Indians abroad to be brought back in 64 flights  Air India 40 and Air India Express 24 Passengers to b   "
"558","US Republican Senator Kevin Cramer  stating that the Saudi administration has opened an oil war to the US  asked Pr   "
"559","UAE based Air Arabia cuts 57 jobs due to coronavirus crisis  "
"560","   Civil Aviation Minister      During 7 13 May  64 flights to be operated  10 Flights from UAE 2 from Qatar 5 "
"561","  With F35 deal and F18 already in service Saudi Arabia wil have the strongest air force of all muslim countries "
"562","   2 said sr government officials on Tuesday These special flights would b operated by Air India  amp  Air India Express to repat "
"563","2 said sr government officials on Tuesday These special flights would b operated by Air India  amp  Air India Express t   "
"564","Upto 30  Off Eid Packages DEALS at Air Arabia  "
"565","Arabia will have greatness and foul is foul  and filthy air "
"566","Severe weather slows down air traffic in Saudi Arabia  AWS  gameStatus  SR"
"567","  Appreciate your support and updates  just want to know what about the return tickets which we have from d   "
"568","       Taeyeon    Happy    iTunes Singles Chart 200505 7 05AM KST     1 in 14 Countries     Peaked at  1 in 15 Countries   1 Hong Ko "
"569","    here   it is like low cost version of Etihad "
"570","   BAE s weekly cargo flight from its war plane factory in England to an air base in Saudi Arabia is on its way again  Looks "
"571","  I came from saudi arabia to canada and i first went of lufthansa and from frakfurt i took air cananda an   "
"572","   That argument doesn t have legs from what reports can tell  Support would be very difficult given that  Yemen has been und "
"573","   Don t recall ever seeing so little air traffic  such empty skies  simultaneously  on a weekday  over Israel  Jordan  Cyprus  "
"574","   Don t recall ever seeing so little air traffic  such empty skies  simultaneously  on a weekday  over Israel  Jordan  Cyprus  "
"575","   Don t recall ever seeing so little air traffic  such empty skies  simultaneously  on a weekday  over Israel  Jordan  Cyprus  "
"576","   Don t recall ever seeing so little air traffic  such empty skies  simultaneously  on a weekday  over Israel  Jordan  Cyprus  "
"577","   Don t recall ever seeing so little air traffic  such empty skies  simultaneously  on a weekday  over Israel  Jordan  Cyprus  "
"578","   Don t recall ever seeing so little air traffic  such empty skies  simultaneously  on a weekday  over Israel  Jordan  Cyprus  "
"579","   Don t recall ever seeing so little air traffic  such empty skies  simultaneously  on a weekday  over Israel  Jordan  Cyprus  "
"580","   Don t recall ever seeing so little air traffic  such empty skies  simultaneously  on a weekday  over Israel  Jordan  Cyprus  "
"581","   Don t recall ever seeing so little air traffic  such empty skies  simultaneously  on a weekday  over Israel  Jordan  Cyprus  "
"582","   Don t recall ever seeing so little air traffic  such empty skies  simultaneously  on a weekday  over Israel  Jordan  Cyprus  "
"583","   Don t recall ever seeing so little air traffic  such empty skies  simultaneously  on a weekday  over Israel  Jordan  Cyprus  "
"584","   Don t recall ever seeing so little air traffic  such empty skies  simultaneously  on a weekday  over Israel  Jordan  Cyprus  "
"585","Flight Attendant   UAE  aviationgoals    "
"586","   Don t recall ever seeing so little air traffic  such empty skies  simultaneously  on a weekday  over Israel  Jordan  Cyprus  "
"587","Don t recall ever seeing so little air traffic  such empty skies  simultaneously  on a weekday  over Israel  Jordan   "
"588","   That argument doesn t have legs from what reports can tell  Support would be very difficult given that  Yemen has been "
"589","   That argument doesn t have legs from what reports can tell  Support would be very difficult given that  Yemen has been "
"590","That argument doesn t have legs from what reports can tell  Support would be very difficult given that  Yemen has b   "
"591","   Happy  1s on iTunes Chart     1 Cambodia  1 Chile  NEW   1 Indonesia  1 Israel  1 Malaysia  1 Philippines  1 Saudi Arabia "
"592","  Why don t you care about Muslims in Yemen  Syria  Libya Afghanistan  Palestine  and Iraq  They are   "
"593","That argument doesn t have legs from what reports can tell  Support would be very difficult given that  Yemen has b   "
"594","  Thanks Nick   I am in Jeddah Saudi Arabia   Can you please help me with a telephone number to contact ai   "
"595","If we had a real government   not a criminal enterprise  we would full scale work on transition to renewables   cre   "
"596","              The way a  tesla get   "
"597","   BAE s weekly cargo flight from its war plane factory in England to an air base in Saudi Arabia is on its way again  Looks "
"598","   MTV has so much old content it can air but chooses to run Ridiculousness 20 hours a day"
"599","   BAE s weekly cargo flight from its war plane factory in England to an air base in Saudi Arabia is on its way again  Looks "
"600","   Happy  1s on iTunes Chart     1 Cambodia  1 Indonesia  1 Israel  1 Malaysia  1 Philippines  1 Saudi Arabia  1 Singapore   "
"601","          Hes the de facto military leader of a country that   "
"602","    70000 people registered     with this worst planing    it will take 3 years to bring t   "
"603","      70000 people registered     with this worst planing    it will take 3 years to bri   "
"604","    70000 people registered     with this worst planing    it will take 3 years to bring them ba   "
"605","  Here s the man that flew Buhari s dead body to Saudi Arabia and the cabals later killed him   Air marshal "
"606","Pasty Carroll is a witch from Saudi Arabia  She wields a dagger  and has the power of air  She has a fondness for s   "
"607","  Saudi Arabia uses a lot of air conditions in all buildings  If there is no hepa Filter inside  Coron   "
"608","    I d throw in the silence over the apartheid state of Israel  the open air prisons   "
"609","Lucid Motors announced it is now accepting reservations for its all electric Lucid Air sports sedan in select count   "
"610","  Pls help indians to return  we are facing several issues  Mos "
"611","My dear friends of Saudi Arabia   Join my Universal fight against  Air  Water  and Food Pollution worldwide    "
"612","          Pls help indians to return  we are facing several issues   "
"613","   BAE s weekly cargo flight from its war plane factory in England to an air base in Saudi Arabia is on its way again  Looks "
"614","    When I watched the video  I couldn t explain it  but it was looking forward to Saudi Arabia  Kuwait has no right to bl "
"615","    When I watched the video  I couldn t explain it  but it was looking forward to Saudi Arabia  Kuwait has no right to bl "
"616"," BringIndianHome   Pls help indians to return    we are facing several issues  Most of the asian and European count   "
"617","  hello sir my pnr 64275580 I did not get my refund air line air Arabia"
"618","      No one lives in the  blazing heat  in Saudi  Arabia  Rather  continuous in   "
"619","    Do you have any clue what s the population density and weather differences between   "
"620"," When I watched the video  I couldn t explain it  but it was looking forward to Saudi Arabia  Kuwait has no right t   "
"621","  Bro this is to SHJ   Air Arabia flies this route   Also I m saying      this ain t the first flight from CJB post lockdown "
"622","   Meet Babu Kallumala  who spreads hatred against Muslims and Islam  blames them for  Corona and insults people of Saudi A "
"623","    Hi Akshat    Thanks for reaching out to us    We ve replied to your direct message  please   "
"624","  Here s the man that flew Buhari s dead body to Saudi Arabia and the cabals later killed him   Air marshal "
"625","Lucid Motors is accepting reservations for its Lucid Air sports sedan in Saudi Arabia  "
"626","  Dear   please arrange for uae overseas daily regular flights plus ships  and "
"627","Brilliant question  Hiya  first time  long time  while we re at it  how we feel about Islam and the IMF World Bank   "
"628","    Aryan   aria   air   light  Aryans are white european tribes  You shared sumerians there    "
"629","   BAE s weekly cargo flight from its war plane factory in England to an air base in Saudi Arabia is on its way again  Looks "
"630","    14 hour flight in an F 15E into Al Kharj  Saudi Arabia  Like 6 air refuelings "
"631","   5  Bombing of a funeral  2016   8 October   Air strike on the Al Kubra Hall in Sana a      Killed 137 people  including c "
"632","Due to the reduced air pollution  people in Al Khobar in Saudi Arabia can clearly see Bahrain  The distance is 40 K   "
"633","  Here s the man that flew Buhari s dead body to Saudi Arabia and the cabals later killed him   Air m   "
"634","   Nike Air Presto  "
"635","    Flights are operating by flydubai even afghan airlines are operating rescue flights on be   "
"636","  me and my family are stranded here  my wife and my child visa s have been expired on 31st march 20  we   "
"637","By the whirligig of Arabia will have greatness and filthy air "
"638","FlyLine Deal   Round trip flight on Air Arabia  LOT  Jetstar Asia from Istanbul to Singapore for just  843 00 on 05   "
"639","      Dear   please arrange for uae overseas daily regular flights plus ships  a   "
"640","Air pollution has improved so much  Bahrain is visible from the Kingdom of Saudi Arabia  "
"641","    Islamophobia In India Avoid these Airlines by now   1  Emirates 2  Etihad Airways 3  Oman Air 4  Saudi Arabian Airlin "
"642","   Saudi backed Lucid Motors  a rival to Tesla in the electric vehicles market  has announced that it is accepting reserv "
"643","Due to the reduced air pollution  people in Al Khobar in Saudi Arabia can clearly see Bahrain  The distance is 40 K   "
"644","   Saudi Arabia has extended its unilateral truce for another 30 days    This is while Riyadh has carried out more than 300 "
"645","United States Air Force U 2   363rd Expeditionary Reconnaissance Squadron  ERS    Prince Sultan Air Base  Saudi Ara   "
"646","Arabia will have greatness and filthy air "
"647","   Despite  Covid 19 global pandemic and it seems that Saudi Arabia and UAE are not busy from targeting more civilians in "
"648","    Iranian AD cover everything from North Afghanistan Iraq parts of S Arabia  Iran has everythin   "
"649","Despite  Covid 19 global pandemic and it seems that Saudi Arabia and UAE are not busy from targeting more civilians   "
"650","   What power   Night Operations with an F 16 from 555th Expeditionary Fighter Squadron at Prince Sultan Air Base  Saudi Arab "
"651","   So the  bombastic potty mouth  wins again   And another point   You finally said why you don t like Trump s policy on the Midd "
"652","    Many years USA pretended to be fighting ISIS while supplying and funding them  or at   "
"653","   So the  bombastic potty mouth  wins again   And another point   You finally said why you don t like Trump s policy on the Midd "
"654","   Saudi Arabia has extended its unilateral truce for another 30 days    This is while Riyadh has carried out more than 300 "
"655","      We are ready for COVID 19                                            SaudiArabia  Saudi Arabia  Saudi  Covid 19  avi "
"656","   So the  bombastic potty mouth  wins again   And another point   You finally said why you don t like Trump s policy on the Midd "
"657","   So the  bombastic potty mouth  wins again   And another point   You finally said why you don t like Trump s policy on the Midd "
"658","   So the  bombastic potty mouth  wins again   And another point   You finally said why you don t like Trump s policy on the Midd "
"659","   So the  bombastic potty mouth  wins again   And another point   You finally said why you don t like Trump s policy on the Midd "
"660","   So the  bombastic potty mouth  wins again   And another point   You finally said why you don t like Trump s policy on the Midd "
"661","   So the  bombastic potty mouth  wins again   And another point   You finally said why you don t like Trump s policy on the Midd "
"662","Air Arabia Careers   Performance Engineer  Sharjah  UAE  "
"663","   Air Handling Unit  Windmason is counted as one of the well known  AirHandlingUnit manufacturers in Saudi Arabia  Our  AirH "
"664","   Air Conditioner  Our Company is an accredited  AirConditioner manufacturer in Saudi Arabia  These  AirConditioners are man "
"665","   We know BAE Systems refuel at the RAF base on Cyprus  but not sure why they spend 12 hours there  The commander of the RAF "
"666","   So the  bombastic potty mouth  wins again   And another point   You finally said why you don t like Trump s policy on the Midd "
"667","   So the  bombastic potty mouth  wins again   And another point   You finally said why you don t like Trump s policy on the Midd "
"668","   So the  bombastic potty mouth  wins again   And another point   You finally said why you don t like Trump s policy on the Midd "
"669","   So the  bombastic potty mouth  wins again   And another point   You finally said why you don t like Trump s policy on the Midd "
"670","   So the  bombastic potty mouth  wins again   And another point   You finally said why you don t like Trump s policy on the Midd "
"671","   BAE s weekly cargo flight from its war plane factory in England to an air base in Saudi Arabia is on its way again  Looks "
"672","   BAE s weekly cargo flight from its war plane factory in England to an air base in Saudi Arabia is on its way again  Looks "
"673","   BAE s weekly cargo flight from its war plane factory in England to an air base in Saudi Arabia is on its way again  Looks "
"674","   So the  bombastic potty mouth  wins again   And another point   You finally said why you don t like Trump s policy on the Midd "
"675","   BAE s weekly cargo flight from its war plane factory in England to an air base in Saudi Arabia is on its way again  Looks "
"676","   BAE s weekly cargo flight from its war plane factory in England to an air base in Saudi Arabia is on its way again  Looks "
"677","  We re open for reservations in Saudi Arabia and the United Arab Emirates   You can reserve your Lucid Air at  "
"678","   BAE s weekly cargo flight from its war plane factory in England to an air base in Saudi Arabia is on its way again  Looks "
"679","        Egypt allows  Israel air force to bomb Sinai insurgents in Egypt Jord   "
"680","   BAE s weekly cargo flight from its war plane factory in England to an air base in Saudi Arabia is on its way again  Looks "
"681","   We know BAE Systems refuel at the RAF base on Cyprus  but not sure why they spend 12 hours there  The commander of the RAF "
"682","   BAE s weekly cargo flight from its war plane factory in England to an air base in Saudi Arabia is on its way again  Looks "
"683","   So the  bombastic potty mouth  wins again   And another point   You finally said why you don t like Trump s policy on the Midd "
"684","   So the  bombastic potty mouth  wins again   And another point   You finally said why you don t like Trump s policy on the Midd "
"685","   BAE s weekly cargo flight from its war plane factory in England to an air base in Saudi Arabia is on its way again  Looks "
"686","   BAE s weekly cargo flight from its war plane factory in England to an air base in Saudi Arabia is on its way again  Looks "
"687","   BAE s weekly cargo flight from its war plane factory in England to an air base in Saudi Arabia is on its way again  Looks "
"688","13000 Pakistani are stranded in Saudi Arabia       Today 250 arrived  Lockdown of Air space is up to 15 May  Coroutin   "
"689","   We know BAE Systems refuel at the RAF base on Cyprus  but not sure why they spend 12 hours there  The commander of the RAF "
"690","   So the  bombastic potty mouth  wins again   And another point   You finally said why you don t like Trump s policy on the Midd "
"691","   BAE s weekly cargo flight from its war plane factory in England to an air base in Saudi Arabia is on its way again  Looks "
"692","   So the  bombastic potty mouth  wins again   And another point   You finally said why you don t like Trump s policy on the Midd "
"693","   BAE s weekly cargo flight from its war plane factory in England to an air base in Saudi Arabia is on its way again  Looks "
"694","   BAE s weekly cargo flight from its war plane factory in England to an air base in Saudi Arabia is on its way again  Looks "
"695","   BAE s weekly cargo flight from its war plane factory in England to an air base in Saudi Arabia is on its way again  Looks "
"696","   BAE s weekly cargo flight from its war plane factory in England to an air base in Saudi Arabia is on its way again  Looks "
"697","   BAE s weekly cargo flight from its war plane factory in England to an air base in Saudi Arabia is on its way again  Looks "
"698","   BAE s weekly cargo flight from its war plane factory in England to an air base in Saudi Arabia is on its way again  Looks "
"699","   BAE s weekly cargo flight from its war plane factory in England to an air base in Saudi Arabia is on its way again  Looks "
"700","   BAE s weekly cargo flight from its war plane factory in England to an air base in Saudi Arabia is on its way again  Looks "
"701","   BAE s weekly cargo flight from its war plane factory in England to an air base in Saudi Arabia is on its way again  Looks "
"702","   BAE s weekly cargo flight from its war plane factory in England to an air base in Saudi Arabia is on its way again  Looks "
"703","   So the  bombastic potty mouth  wins again   And another point   You finally said why you don t like Trump s policy on the Midd "
"704","          Muslims hate History  They have Hindu  Rajput   "
"705","Sy cluster air arabia  "
"706","  Also what   did not factor in is Air Arabia Abu Dhabi  They have their AOP now and will take o   "
"707","   BAE s weekly cargo flight from its war plane factory in England to an air base in Saudi Arabia is on its way again  Looks "
"708","   So the  bombastic potty mouth  wins again   And another point   You finally said why you don t like Trump s policy on the Midd "
"709","   So the  bombastic potty mouth  wins again   And another point   You finally said why you don t like Trump s policy on the Midd "
"710","   BAE s weekly cargo flight from its war plane factory in England to an air base in Saudi Arabia is on its way again  Looks "
"711","   So the  bombastic potty mouth  wins again   And another point   You finally said why you don t like Trump s policy on the Midd "
"712","   BAE s weekly cargo flight from its war plane factory in England to an air base in Saudi Arabia is on its way again  Looks "
"713","   So the  bombastic potty mouth  wins again   And another point   You finally said why you don t like Trump s policy on the Midd "
"714","    What old tag  You saying terminal 3 and third picture says jt is Sharjah Where Air Arabia takes off  Sigh"
"715","   A fly Emirates A380 departing to Sudan from Abu Dhabi airports with an air Arabia baggage tag   Girl what are tou taking us f "
"716","   So the  bombastic potty mouth  wins again   And another point   You finally said why you don t like Trump s policy on the Midd "
"717","   So the  bombastic potty mouth  wins again   And another point   You finally said why you don t like Trump s policy on the Midd "
"718","   So the  bombastic potty mouth  wins again   And another point   You finally said why you don t like Trump s policy on the Midd "
"719","   So the  bombastic potty mouth  wins again   And another point   You finally said why you don t like Trump s policy on the Midd "
"720","   So the  bombastic potty mouth  wins again   And another point   You finally said why you don t like Trump s policy on the Midd "
"721","   So the  bombastic potty mouth  wins again   And another point   You finally said why you don t like Trump s policy on the Midd "
"722","   So the  bombastic potty mouth  wins again   And another point   You finally said why you don t like Trump s policy on the Midd "
"723","   So the  bombastic potty mouth  wins again   And another point   You finally said why you don t like Trump s policy on the Midd "
"724","   So the  bombastic potty mouth  wins again   And another point   You finally said why you don t like Trump s policy on the Midd "
"725","   So the  bombastic potty mouth  wins again   And another point   You finally said why you don t like Trump s policy on the Midd "
"726","   So the  bombastic potty mouth  wins again   And another point   You finally said why you don t like Trump s policy on the Midd "
"727","   So the  bombastic potty mouth  wins again   And another point   You finally said why you don t like Trump s policy on the Midd "
"728","When are we going to bail out Royal Air Maroc and Air Arabia"
"729","   So the  bombastic potty mouth  wins again   And another point   You finally said why you don t like Trump s policy on the Midd "
"730","   So the  bombastic potty mouth  wins again   And another point   You finally said why you don t like Trump s policy on the Midd "
"731","   So the  bombastic potty mouth  wins again   And another point   You finally said why you don t like Trump s policy on the Midd "
"732","   So the  bombastic potty mouth  wins again   And another point   You finally said why you don t like Trump s policy on the Midd "
"733","   So the  bombastic potty mouth  wins again   And another point   You finally said why you don t like Trump s policy on the Midd "
"734","   So the  bombastic potty mouth  wins again   And another point   You finally said why you don t like Trump s policy on the Midd "
"735","   So the  bombastic potty mouth  wins again   And another point   You finally said why you don t like Trump s policy on the Midd "
"736","   So the  bombastic potty mouth  wins again   And another point   You finally said why you don t like Trump s policy on the Midd "
"737","   So the  bombastic potty mouth  wins again   And another point   You finally said why you don t like Trump s policy on the Midd "
"738","   So the  bombastic potty mouth  wins again   And another point   You finally said why you don t like Trump s policy on the Midd "
"739","   So the  bombastic potty mouth  wins again   And another point   You finally said why you don t like Trump s policy on the Midd "
"740","   So the  bombastic potty mouth  wins again   And another point   You finally said why you don t like Trump s policy on the Midd "
"741","   So the  bombastic potty mouth  wins again   And another point   You finally said why you don t like Trump s policy on the Midd "
"742","   So the  bombastic potty mouth  wins again   And another point   You finally said why you don t like Trump s policy on the Midd "
"743","   So the  bombastic potty mouth  wins again   And another point   You finally said why you don t like Trump s policy on the Midd "
"744","   So the  bombastic potty mouth  wins again   And another point   You finally said why you don t like Trump s policy on the Midd "
"745","   So the  bombastic potty mouth  wins again   And another point   You finally said why you don t like Trump s policy on the Midd "
"746","A fly Emirates A380 departing to Sudan from Abu Dhabi airports with an air Arabia baggage tag   Girl what are tou t   "
"747","   So the  bombastic potty mouth  wins again   And another point   You finally said why you don t like Trump s policy on the Midd "
"748","   So the  bombastic potty mouth  wins again   And another point   You finally said why you don t like Trump s policy on the Midd "
"749","   So the  bombastic potty mouth  wins again   And another point   You finally said why you don t like Trump s policy on the Midd "
"750","   So the  bombastic potty mouth  wins again   And another point   You finally said why you don t like Trump s policy on the Midd "
"751","   So the  bombastic potty mouth  wins again   And another point   You finally said why you don t like Trump s policy on the Midd "
"752","   So the  bombastic potty mouth  wins again   And another point   You finally said why you don t like Trump s policy on the Midd "
"753","   So the  bombastic potty mouth  wins again   And another point   You finally said why you don t like Trump s policy on the Midd "
"754","   So the  bombastic potty mouth  wins again   And another point   You finally said why you don t like Trump s policy on the Midd "
"755","    A Lebanese Media group lost its ability to air on Nilesat after one of hosts talked ba   "
"756","   So the  bombastic potty mouth  wins again   And another point   You finally said why you don t like Trump s policy on the Midd "
"757","   So the  bombastic potty mouth  wins again   And another point   You finally said why you don t like Trump s policy on the Midd "
"758","   So the  bombastic potty mouth  wins again   And another point   You finally said why you don t like Trump s policy on the Midd "
"759","   So the  bombastic potty mouth  wins again   And another point   You finally said why you don t like Trump s policy on the Midd "
"760","   So the  bombastic potty mouth  wins again   And another point   You finally said why you don t like Trump s policy on the Midd "
"761","   So the  bombastic potty mouth  wins again   And another point   You finally said why you don t like Trump s policy on the Midd "
"762","   So the  bombastic potty mouth  wins again   And another point   You finally said why you don t like Trump s policy on the Midd "
"763","   So the  bombastic potty mouth  wins again   And another point   You finally said why you don t like Trump s policy on the Midd "
"764","   So the  bombastic potty mouth  wins again   And another point   You finally said why you don t like Trump s policy on the Midd "
"765","So the  bombastic potty mouth  wins again   And another point   You finally said why you don t like Trump s policy   "
"766","  Qatar Airways can t use Saudi    or Egypt airspace  Worst gets to worst   might close i   "
